{
  "career_position": {
    "precision": 1.0,
    "recall": 0.8888888888888888,
    "f1-score": 0.9411764705882353,
    "support": 18,
    "confused_with": {}
  },
  "platform": {
    "precision": 0.95,
    "recall": 1.0,
    "f1-score": 0.9743589743589743,
    "support": 19,
    "confused_with": {}
  },
  "course": {
    "precision": 0.8,
    "recall": 1.0,
    "f1-score": 0.888888888888889,
    "support": 4,
    "confused_with": {}
  },
  "main_career": {
    "precision": 0.9571428571428572,
    "recall": 0.9571428571428572,
    "f1-score": 0.9571428571428572,
    "support": 70,
    "confused_with": {}
  },
  "micro avg": {
    "precision": 0.954954954954955,
    "recall": 0.954954954954955,
    "f1-score": 0.954954954954955,
    "support": 111
  },
  "macro avg": {
    "precision": 0.9267857142857143,
    "recall": 0.9615079365079365,
    "f1-score": 0.9403917977447389,
    "support": 111
  },
  "weighted avg": {
    "precision": 0.9572072072072072,
    "recall": 0.954954954954955,
    "f1-score": 0.9550410138645432,
    "support": 111
  }
}