{
  "goodbye": {
    "precision": 0.6666666666666666,
    "recall": 0.5,
    "f1-score": 0.5714285714285715,
    "support": 4,
    "confused_with": {
      "view_course_detail": 1,
      "ask_guideline": 1
    }
  },
  "greet": {
    "precision": 1.0,
    "recall": 0.6666666666666666,
    "f1-score": 0.8,
    "support": 3,
    "confused_with": {
      "view_course_detail": 1
    }
  },
  "ask_guideline": {
    "precision": 0.9423076923076923,
    "recall": 1.0,
    "f1-score": 0.9702970297029703,
    "support": 49,
    "confused_with": {}
  },
  "out_of_scope": {
    "precision": 0.0,
    "recall": 0.0,
    "f1-score": 0.0,
    "support": 2,
    "confused_with": {
      "view_course_detail": 1,
      "ask_guideline": 1
    }
  },
  "affirm": {
    "precision": 0.0,
    "recall": 0.0,
    "f1-score": 0.0,
    "support": 2,
    "confused_with": {
      "goodbye": 1,
      "ask_guideline": 1
    }
  },
  "view_course_detail": {
    "precision": 0.4,
    "recall": 1.0,
    "f1-score": 0.5714285714285715,
    "support": 2,
    "confused_with": {}
  },
  "deny": {
    "precision": 1.0,
    "recall": 1.0,
    "f1-score": 1.0,
    "support": 1,
    "confused_with": {}
  },
  "accuracy": 0.8888888888888888,
  "macro avg": {
    "precision": 0.5727106227106226,
    "recall": 0.5952380952380951,
    "f1-score": 0.5590220246514448,
    "support": 63
  },
  "weighted avg": {
    "precision": 0.8514245014245013,
    "recall": 0.8888888888888888,
    "f1-score": 0.8630654902224917,
    "support": 63
  }
}