{
  "career_position": {
    "precision": 0.9107142857142857,
    "recall": 1.0,
    "f1-score": 0.9532710280373832,
    "support": 51,
    "confused_with": {}
  },
  "platform": {
    "precision": 0.8888888888888888,
    "recall": 1.0,
    "f1-score": 0.9411764705882353,
    "support": 16,
    "confused_with": {}
  },
  "course": {
    "precision": 0.6,
    "recall": 0.75,
    "f1-score": 0.6666666666666665,
    "support": 4,
    "confused_with": {}
  },
  "main_career": {
    "precision": 0.9117647058823529,
    "recall": 0.9253731343283582,
    "f1-score": 0.9185185185185185,
    "support": 67,
    "confused_with": {}
  },
  "micro avg": {
    "precision": 0.8979591836734694,
    "recall": 0.9565217391304348,
    "f1-score": 0.9263157894736843,
    "support": 138
  },
  "macro avg": {
    "precision": 0.8278419701213818,
    "recall": 0.9188432835820896,
    "f1-score": 0.8699081709527009,
    "support": 138
  },
  "weighted avg": {
    "precision": 0.8996875803461482,
    "recall": 0.9565217391304348,
    "f1-score": 0.9266887925125051,
    "support": 138
  }
}