{
  "career_position": {
    "precision": 0.8793103448275862,
    "recall": 1.0,
    "f1-score": 0.9357798165137614,
    "support": 51,
    "confused_with": {}
  },
  "platform": {
    "precision": 0.8888888888888888,
    "recall": 1.0,
    "f1-score": 0.9411764705882353,
    "support": 16,
    "confused_with": {}
  },
  "course": {
    "precision": 1.0,
    "recall": 0.5,
    "f1-score": 0.6666666666666666,
    "support": 4,
    "confused_with": {}
  },
  "main_career": {
    "precision": 0.9508196721311475,
    "recall": 0.8656716417910447,
    "f1-score": 0.9062499999999999,
    "support": 67,
    "confused_with": {}
  },
  "micro avg": {
    "precision": 0.9136690647482014,
    "recall": 0.9202898550724637,
    "f1-score": 0.9169675090252708,
    "support": 138
  },
  "macro avg": {
    "precision": 0.9297547264619057,
    "recall": 0.8414179104477612,
    "f1-score": 0.8624682384421658,
    "support": 138
  },
  "weighted avg": {
    "precision": 0.9186374481247536,
    "recall": 0.9202898550724637,
    "f1-score": 0.9142681944802917,
    "support": 138
  }
}