{
  "goodbye": {
    "precision": 0.42857142857142855,
    "recall": 0.75,
    "f1-score": 0.5454545454545454,
    "support": 4,
    "confused_with": {
      "deny": 1
    }
  },
  "greet": {
    "precision": 0.0,
    "recall": 0.0,
    "f1-score": 0.0,
    "support": 3,
    "confused_with": {
      "goodbye": 3
    }
  },
  "ask_guideline": {
    "precision": 0.98,
    "recall": 1.0,
    "f1-score": 0.98989898989899,
    "support": 49,
    "confused_with": {}
  },
  "out_of_scope": {
    "precision": 0.0,
    "recall": 0.0,
    "f1-score": 0.0,
    "support": 2,
    "confused_with": {
      "view_course_detail": 1,
      "ask_guideline": 1
    }
  },
  "affirm": {
    "precision": 1.0,
    "recall": 0.5,
    "f1-score": 0.6666666666666666,
    "support": 2,
    "confused_with": {
      "goodbye": 1
    }
  },
  "view_course_detail": {
    "precision": 0.6666666666666666,
    "recall": 1.0,
    "f1-score": 0.8,
    "support": 2,
    "confused_with": {}
  },
  "deny": {
    "precision": 0.5,
    "recall": 1.0,
    "f1-score": 0.6666666666666666,
    "support": 1,
    "confused_with": {}
  },
  "accuracy": 0.8888888888888888,
  "macro avg": {
    "precision": 0.5107482993197279,
    "recall": 0.6071428571428571,
    "f1-score": 0.5240981240981241,
    "support": 63
  },
  "weighted avg": {
    "precision": 0.8502796674225246,
    "recall": 0.8888888888888888,
    "f1-score": 0.861696328362995,
    "support": 63
  }
}