{
  "career_position": {
    "precision": 0.8947368421052632,
    "recall": 1.0,
    "f1-score": 0.9444444444444444,
    "support": 51,
    "confused_with": {}
  },
  "platform": {
    "precision": 0.8888888888888888,
    "recall": 1.0,
    "f1-score": 0.9411764705882353,
    "support": 16,
    "confused_with": {}
  },
  "course": {
    "precision": 0.75,
    "recall": 0.75,
    "f1-score": 0.75,
    "support": 4,
    "confused_with": {}
  },
  "main_career": {
    "precision": 0.9117647058823529,
    "recall": 0.9253731343283582,
    "f1-score": 0.9185185185185185,
    "support": 67,
    "confused_with": {}
  },
  "micro avg": {
    "precision": 0.8979591836734694,
    "recall": 0.9565217391304348,
    "f1-score": 0.9263157894736843,
    "support": 138
  },
  "macro avg": {
    "precision": 0.8613476092191262,
    "recall": 0.9188432835820896,
    "f1-score": 0.8885348583877996,
    "support": 138
  },
  "weighted avg": {
    "precision": 0.898130699012379,
    "recall": 0.9565217391304348,
    "f1-score": 0.9258422531653563,
    "support": 138
  }
}