{
  "career_position": {
    "precision": 1.0,
    "recall": 1.0,
    "f1-score": 1.0,
    "support": 38,
    "confused_with": {}
  },
  "platform": {
    "precision": 0.9444444444444444,
    "recall": 1.0,
    "f1-score": 0.9714285714285714,
    "support": 17,
    "confused_with": {}
  },
  "course": {
    "precision": 0.8,
    "recall": 1.0,
    "f1-score": 0.888888888888889,
    "support": 4,
    "confused_with": {}
  },
  "main_career": {
    "precision": 0.9420289855072463,
    "recall": 0.9154929577464789,
    "f1-score": 0.9285714285714286,
    "support": 71,
    "confused_with": {
      "platform": 1
    }
  },
  "micro avg": {
    "precision": 0.9538461538461539,
    "recall": 0.9538461538461539,
    "f1-score": 0.9538461538461539,
    "support": 130
  },
  "macro avg": {
    "precision": 0.9216183574879226,
    "recall": 0.9788732394366197,
    "f1-score": 0.9472222222222222,
    "support": 130
  },
  "weighted avg": {
    "precision": 0.9549201040505388,
    "recall": 0.9538461538461539,
    "f1-score": 0.9538339438339438,
    "support": 130
  }
}