{
  "career_position": {
    "precision": 1.0,
    "recall": 1.0,
    "f1-score": 1.0,
    "support": 22,
    "confused_with": {}
  },
  "platform": {
    "precision": 0.9444444444444444,
    "recall": 1.0,
    "f1-score": 0.9714285714285714,
    "support": 17,
    "confused_with": {}
  },
  "course": {
    "precision": 0.8,
    "recall": 1.0,
    "f1-score": 0.888888888888889,
    "support": 4,
    "confused_with": {}
  },
  "main_career": {
    "precision": 0.92,
    "recall": 0.971830985915493,
    "f1-score": 0.9452054794520549,
    "support": 71,
    "confused_with": {
      "platform": 1
    }
  },
  "micro avg": {
    "precision": 0.9333333333333333,
    "recall": 0.9824561403508771,
    "f1-score": 0.9572649572649572,
    "support": 114
  },
  "macro avg": {
    "precision": 0.9161111111111111,
    "recall": 0.9929577464788732,
    "f1-score": 0.9513807349423788,
    "support": 114
  },
  "weighted avg": {
    "precision": 0.9348732943469786,
    "recall": 0.9824561403508771,
    "f1-score": 0.957714300973133,
    "support": 114
  }
}