{
  "goodbye": {
    "precision": 0.75,
    "recall": 0.75,
    "f1-score": 0.75,
    "support": 4,
    "confused_with": {
      "deny": 1
    }
  },
  "greet": {
    "precision": 0.6666666666666666,
    "recall": 0.6666666666666666,
    "f1-score": 0.6666666666666666,
    "support": 3,
    "confused_with": {
      "affirm": 1
    }
  },
  "ask_guideline": {
    "precision": 0.9607843137254902,
    "recall": 1.0,
    "f1-score": 0.98,
    "support": 49,
    "confused_with": {}
  },
  "out_of_scope": {
    "precision": 0.0,
    "recall": 0.0,
    "f1-score": 0.0,
    "support": 2,
    "confused_with": {
      "ask_guideline": 2
    }
  },
  "affirm": {
    "precision": 0.0,
    "recall": 0.0,
    "f1-score": 0.0,
    "support": 2,
    "confused_with": {
      "greet": 1,
      "goodbye": 1
    }
  },
  "view_course_detail": {
    "precision": 1.0,
    "recall": 1.0,
    "f1-score": 1.0,
    "support": 2,
    "confused_with": {}
  },
  "deny": {
    "precision": 0.5,
    "recall": 1.0,
    "f1-score": 0.6666666666666666,
    "support": 1,
    "confused_with": {}
  },
  "accuracy": 0.9047619047619048,
  "macro avg": {
    "precision": 0.553921568627451,
    "recall": 0.6309523809523808,
    "f1-score": 0.5804761904761905,
    "support": 63
  },
  "weighted avg": {
    "precision": 0.866324307500778,
    "recall": 0.9047619047619048,
    "f1-score": 0.8839153439153438,
    "support": 63
  }
}