{
  "goodbye": {
    "precision": 0.75,
    "recall": 0.75,
    "f1-score": 0.75,
    "support": 4,
    "confused_with": {
      "greet": 1
    }
  },
  "greet": {
    "precision": 0.6666666666666666,
    "recall": 0.6666666666666666,
    "f1-score": 0.6666666666666666,
    "support": 3,
    "confused_with": {
      "ask_guideline": 1
    }
  },
  "ask_guideline": {
    "precision": 0.9245283018867925,
    "recall": 1.0,
    "f1-score": 0.9607843137254902,
    "support": 49,
    "confused_with": {}
  },
  "out_of_scope": {
    "precision": 0.0,
    "recall": 0.0,
    "f1-score": 0.0,
    "support": 2,
    "confused_with": {
      "view_course_detail": 1,
      "ask_guideline": 1
    }
  },
  "affirm": {
    "precision": 1.0,
    "recall": 0.5,
    "f1-score": 0.6666666666666666,
    "support": 2,
    "confused_with": {
      "goodbye": 1
    }
  },
  "view_course_detail": {
    "precision": 0.5,
    "recall": 0.5,
    "f1-score": 0.5,
    "support": 2,
    "confused_with": {
      "ask_guideline": 1
    }
  },
  "deny": {
    "precision": 0.0,
    "recall": 0.0,
    "f1-score": 0.0,
    "support": 1,
    "confused_with": {
      "ask_guideline": 1
    }
  },
  "accuracy": 0.8888888888888888,
  "macro avg": {
    "precision": 0.5487421383647798,
    "recall": 0.4880952380952381,
    "f1-score": 0.5063025210084033,
    "support": 63
  },
  "weighted avg": {
    "precision": 0.846061695118299,
    "recall": 0.8888888888888888,
    "f1-score": 0.8636788048552755,
    "support": 63
  }
}