{
  "career_position": {
    "precision": 0.925,
    "recall": 1.0,
    "f1-score": 0.961038961038961,
    "support": 37,
    "confused_with": {}
  },
  "platform": {
    "precision": 0.8888888888888888,
    "recall": 1.0,
    "f1-score": 0.9411764705882353,
    "support": 16,
    "confused_with": {}
  },
  "course": {
    "precision": 0.6666666666666666,
    "recall": 1.0,
    "f1-score": 0.8,
    "support": 4,
    "confused_with": {}
  },
  "main_career": {
    "precision": 0.8985507246376812,
    "recall": 0.9253731343283582,
    "f1-score": 0.9117647058823529,
    "support": 67,
    "confused_with": {}
  },
  "micro avg": {
    "precision": 0.8947368421052632,
    "recall": 0.9596774193548387,
    "f1-score": 0.9260700389105059,
    "support": 124
  },
  "macro avg": {
    "precision": 0.8447765700483092,
    "recall": 0.9813432835820896,
    "f1-score": 0.9034950343773872,
    "support": 124
  },
  "weighted avg": {
    "precision": 0.8977160277388189,
    "recall": 0.9596774193548387,
    "f1-score": 0.9266572611449272,
    "support": 124
  }
}