{
  "career_position": {
    "precision": 1.0,
    "recall": 1.0,
    "f1-score": 1.0,
    "support": 38,
    "confused_with": {}
  },
  "platform": {
    "precision": 0.9411764705882353,
    "recall": 0.9411764705882353,
    "f1-score": 0.9411764705882353,
    "support": 17,
    "confused_with": {}
  },
  "course": {
    "precision": 0.75,
    "recall": 0.75,
    "f1-score": 0.75,
    "support": 4,
    "confused_with": {}
  },
  "main_career": {
    "precision": 0.881578947368421,
    "recall": 0.9436619718309859,
    "f1-score": 0.9115646258503401,
    "support": 71,
    "confused_with": {
      "platform": 1
    }
  },
  "micro avg": {
    "precision": 0.9185185185185185,
    "recall": 0.9538461538461539,
    "f1-score": 0.9358490566037735,
    "support": 130
  },
  "macro avg": {
    "precision": 0.8931888544891642,
    "recall": 0.9087096106048054,
    "f1-score": 0.9006852741096439,
    "support": 130
  },
  "weighted avg": {
    "precision": 0.9199392712550607,
    "recall": 0.9538461538461539,
    "f1-score": 0.9363160648874935,
    "support": 130
  }
}