{
  "career_position": {
    "precision": 0.9230769230769231,
    "recall": 0.9230769230769231,
    "f1-score": 0.9230769230769231,
    "support": 26,
    "confused_with": {}
  },
  "platform": {
    "precision": 1.0,
    "recall": 0.9473684210526315,
    "f1-score": 0.972972972972973,
    "support": 19,
    "confused_with": {}
  },
  "course": {
    "precision": 0.6666666666666666,
    "recall": 0.5,
    "f1-score": 0.5714285714285715,
    "support": 4,
    "confused_with": {}
  },
  "main_career": {
    "precision": 0.9305555555555556,
    "recall": 0.9571428571428572,
    "f1-score": 0.943661971830986,
    "support": 70,
    "confused_with": {}
  },
  "micro avg": {
    "precision": 0.9327731092436975,
    "recall": 0.9327731092436975,
    "f1-score": 0.9327731092436976,
    "support": 119
  },
  "macro avg": {
    "precision": 0.8800747863247864,
    "recall": 0.831897050318103,
    "f1-score": 0.8527851098273634,
    "support": 119
  },
  "weighted avg": {
    "precision": 0.9311391223155928,
    "recall": 0.9327731092436975,
    "f1-score": 0.9313322588266368,
    "support": 119
  }
}