{
  "career_position": {
    "precision": 1.0,
    "recall": 0.9615384615384616,
    "f1-score": 0.9803921568627451,
    "support": 26,
    "confused_with": {}
  },
  "platform": {
    "precision": 1.0,
    "recall": 1.0,
    "f1-score": 1.0,
    "support": 19,
    "confused_with": {}
  },
  "course": {
    "precision": 0.6666666666666666,
    "recall": 1.0,
    "f1-score": 0.8,
    "support": 4,
    "confused_with": {}
  },
  "main_career": {
    "precision": 0.9571428571428572,
    "recall": 0.9571428571428572,
    "f1-score": 0.9571428571428572,
    "support": 70,
    "confused_with": {}
  },
  "micro avg": {
    "precision": 0.9583333333333334,
    "recall": 0.9663865546218487,
    "f1-score": 0.9623430962343097,
    "support": 119
  },
  "macro avg": {
    "precision": 0.905952380952381,
    "recall": 0.9796703296703297,
    "f1-score": 0.9343837535014006,
    "support": 119
  },
  "weighted avg": {
    "precision": 0.9635854341736694,
    "recall": 0.9663865546218487,
    "f1-score": 0.9637831603229526,
    "support": 119
  }
}