{
  "career_position": {
    "precision": 0.9736842105263158,
    "recall": 1.0,
    "f1-score": 0.9866666666666666,
    "support": 37,
    "confused_with": {}
  },
  "platform": {
    "precision": 0.8888888888888888,
    "recall": 1.0,
    "f1-score": 0.9411764705882353,
    "support": 16,
    "confused_with": {}
  },
  "course": {
    "precision": 0.6666666666666666,
    "recall": 1.0,
    "f1-score": 0.8,
    "support": 4,
    "confused_with": {}
  },
  "main_career": {
    "precision": 0.8888888888888888,
    "recall": 0.9552238805970149,
    "f1-score": 0.9208633093525178,
    "support": 67,
    "confused_with": {}
  },
  "micro avg": {
    "precision": 0.9029850746268657,
    "recall": 0.9758064516129032,
    "f1-score": 0.937984496124031,
    "support": 124
  },
  "macro avg": {
    "precision": 0.85453216374269,
    "recall": 0.9888059701492538,
    "f1-score": 0.9121766116518548,
    "support": 124
  },
  "weighted avg": {
    "precision": 0.9070222599509526,
    "recall": 0.9758064516129032,
    "f1-score": 0.9392204187314284,
    "support": 124
  }
}