{
  "career_position": {
    "precision": 0.9230769230769231,
    "recall": 0.9230769230769231,
    "f1-score": 0.9230769230769231,
    "support": 26,
    "confused_with": {}
  },
  "platform": {
    "precision": 1.0,
    "recall": 1.0,
    "f1-score": 1.0,
    "support": 19,
    "confused_with": {}
  },
  "course": {
    "precision": 1.0,
    "recall": 0.75,
    "f1-score": 0.8571428571428571,
    "support": 4,
    "confused_with": {}
  },
  "main_career": {
    "precision": 0.9696969696969697,
    "recall": 0.9142857142857143,
    "f1-score": 0.9411764705882354,
    "support": 70,
    "confused_with": {}
  },
  "micro avg": {
    "precision": 0.9649122807017544,
    "recall": 0.9243697478991597,
    "f1-score": 0.944206008583691,
    "support": 119
  },
  "macro avg": {
    "precision": 0.9731934731934733,
    "recall": 0.8968406593406594,
    "f1-score": 0.9303490627020039,
    "support": 119
  },
  "weighted avg": {
    "precision": 0.9653679653679653,
    "recall": 0.9243697478991597,
    "f1-score": 0.9437892804180497,
    "support": 119
  }
}