{
  "pretrain-config": [
    [
      0.905079365079365,
      0.86010582010582,
      0.9082539682539682,
      0.9181005735627585
    ],
    [
      0.9366636890446415,
      0.8996119929453262,
      0.877955890827178,
      0.8146401941781479
    ],
    [
      0.8492865159531826,
      0.874683341350008,
      0.861696328362995,
      0.8524611191277859
    ]
  ],
  "config": [
    [
      0.8759788359788359,
      0.8839153439153438,
      0.9186966315679187,
      0.8802332151846716
    ],
    [
      0.9103976270642937,
      0.9103976270642937,
      0.8916754850088183,
      0.8630654902224917
    ],
    [
      0.9212441879108547,
      0.9040211640211641,
      0.874683341350008,
      0.8636788048552755
    ]
  ]
}