{
  "career_position": {
    "precision": 0.8928571428571429,
    "recall": 0.9803921568627451,
    "f1-score": 0.9345794392523364,
    "support": 51,
    "confused_with": {}
  },
  "platform": {
    "precision": 0.8823529411764706,
    "recall": 0.9375,
    "f1-score": 0.9090909090909091,
    "support": 16,
    "confused_with": {}
  },
  "course": {
    "precision": 0.3333333333333333,
    "recall": 0.5,
    "f1-score": 0.4,
    "support": 4,
    "confused_with": {}
  },
  "main_career": {
    "precision": 0.8648648648648649,
    "recall": 0.9552238805970149,
    "f1-score": 0.9078014184397162,
    "support": 67,
    "confused_with": {}
  },
  "micro avg": {
    "precision": 0.8562091503267973,
    "recall": 0.9492753623188406,
    "f1-score": 0.9003436426116839,
    "support": 138
  },
  "macro avg": {
    "precision": 0.7433520705579529,
    "recall": 0.84327900936494,
    "f1-score": 0.7878679416957405,
    "support": 138
  },
  "weighted avg": {
    "precision": 0.8618307291580949,
    "recall": 0.9492753623188406,
    "f1-score": 0.9031282679911933,
    "support": 138
  }
}