{
  "goodbye": {
    "precision": 0.8,
    "recall": 1.0,
    "f1-score": 0.888888888888889,
    "support": 4,
    "confused_with": {}
  },
  "greet": {
    "precision": 1.0,
    "recall": 0.3333333333333333,
    "f1-score": 0.5,
    "support": 3,
    "confused_with": {
      "goodbye": 1,
      "ask_guideline": 1
    }
  },
  "ask_guideline": {
    "precision": 0.9607843137254902,
    "recall": 1.0,
    "f1-score": 0.98,
    "support": 49,
    "confused_with": {}
  },
  "out_of_scope": {
    "precision": 0.0,
    "recall": 0.0,
    "f1-score": 0.0,
    "support": 2,
    "confused_with": {
      "view_course_detail": 1,
      "ask_guideline": 1
    }
  },
  "affirm": {
    "precision": 1.0,
    "recall": 0.5,
    "f1-score": 0.6666666666666666,
    "support": 2,
    "confused_with": {
      "deny": 1
    }
  },
  "view_course_detail": {
    "precision": 0.6666666666666666,
    "recall": 1.0,
    "f1-score": 0.8,
    "support": 2,
    "confused_with": {}
  },
  "deny": {
    "precision": 0.5,
    "recall": 1.0,
    "f1-score": 0.6666666666666666,
    "support": 1,
    "confused_with": {}
  },
  "accuracy": 0.9206349206349206,
  "macro avg": {
    "precision": 0.703921568627451,
    "recall": 0.6904761904761905,
    "f1-score": 0.6431746031746032,
    "support": 63
  },
  "weighted avg": {
    "precision": 0.9065359477124184,
    "recall": 0.9206349206349206,
    "f1-score": 0.8996119929453262,
    "support": 63
  }
}